set,class,polarity,prefix,carbons,double_bonds,retention,source,filter_status
Set 1,TG,Pos,,48,8,9.053456144460036,RT model,Not detected in 60% of any group
Set 1,TG,Pos,,38,0,9.272546659356095,MS2,Blank
Set 1,TG,Pos,,66,16,9.289025976215514,MS2,Not detected in 60% of any group
Set 1,TG,Pos,,64,15,9.29455357577087,RT model,Not detected in 60% of any group
Set 1,TG,Pos,,60,13,9.29486265487912,RT model,Not detected in 60% of any group
Set 1,TG,Pos,,56,10,9.354379707693774,RT model,Not detected in 60% of any group
Set 1,TG,Pos,,66,15,9.39160210955585,RT model,Not detected in 60% of any group
Set 1,TG,Pos,,64,14,9.399089175535462,RT model,Not detected in 60% of any group
Set 1,TG,Pos,,40,0,9.408066278197449,MS2,Blank
Set 1,TG,Pos,,42,1,9.415118176256073,MS2,
Set 1,TG,Pos,,52,7,9.429920875523345,RT model,
Set 1,TG,Pos,,44,2,9.430019585171525,MS2,
Set 1,TG,Pos,,54,8,9.441072749281657,MS2,
Set 1,TG,Pos,,46,2,9.449474452228742,MS2,Not detected in 60% of any group
Set 1,TG,Pos,,41,0,9.463879206098868,MS2,Blank
Set 1,TG,Pos,,56,9,9.468910701383942,RT model,
Set 1,TG,Pos,,43,1,9.47802078928761,MS2,
Set 1,TG,Pos,,45,2,9.500532811815422,MS2,
Set 1,TG,Pos,,60,11,9.504750043217005,RT model,Not detected in 60% of any group
Set 1,TG,Pos,,62,12,9.516436064687857,MS2,
Set 1,TG,Pos,,64,13,9.526642675471665,RT model,Not detected in 60% of any group
Set 1,TG,Pos,,54,7,9.551395513156178,MS2,Redundant Identification
Set 1,TG,Pos,,42,0,9.556344755577973,MS2,
Set 1,TG,Pos,,61,11,9.560666501648901,RT model,Not detected in 60% of any group
Set 1,TG,Pos,,44,1,9.561131935639217,MS2,
Set 1,TG,Pos,,52,6,9.567084657170062,MS2,
Set 1,TG,Pos,,46,2,9.569094830864291,MS2,
Set 1,TG,Pos,,54,7,9.57900716815659,MS2,
Set 1,TG,Pos,,56,8,9.582638003788384,MS2,
Set 1,TG,Pos,,48,3,9.58494638043044,MS2,
Set 1,TG,Pos,,58,9,9.596455347131021,RT model,
Set 1,TG,Pos,,53,6,9.604793228764683,MS2,
Set 1,TG,Pos,,60,10,9.60918439174683,RT model,
Set 1,TG,Pos,,62,11,9.610266580554525,MS2,
Set 1,TG,Pos,,43,0,9.619733519394163,MS2,
Set 1,TG,Pos,,45,1,9.629296353500314,MS2,
Set 1,TG,Pos,,55,7,9.634505681352703,MS2,
Set 1,TG,Pos,,57,8,9.638461307206603,RT model,Not detected in 60% of any group
Set 1,TG,Pos,,47,2,9.643236983172649,MS2,
Set 1,TG,Pos,,52,5,9.646950590350716,MS2,
Set 1,TG,Pos,,49,3,9.651172650378362,MS2,
Set 1,TG,Pos,,54,6,9.663561371958979,MS2,
Set 1,TG,Pos,,51,4,9.665767756186593,RT model,
Set 1,TG,Pos,O-,50,5,9.669703912724893,RT model,
Set 1,TG,Pos,O-,52,6,9.6727515852694,RT model,
Set 1,TG,Pos,O-,44,1,9.68925201970266,RT model,Not detected in 60% of any group
Set 1,TG,Pos,,44,0,9.702705795897405,MS2,
Set 1,TG,Pos,,46,1,9.708926992416215,MS2,
Set 1,TG,Pos,,53,5,9.710805507938224,MS2,
Set 1,TG,Pos,,48,2,9.712109123066906,MS2,
Set 1,TG,Pos,,50,3,9.71920443422067,MS2,
Set 1,TG,Pos,,55,6,9.72311303435615,MS2,
Set 1,TG,Pos,,58,8,9.723252638293815,MS2,
Set 1,TG,Pos,,56,7,9.723948503752215,MS2,
Set 1,TG,Pos,,60,9,9.73872438669345,MS2,
Set 1,TG,Pos,,64,11,9.742006616486872,RT model,Not detected in 60% of any group
Set 1,TG,Pos,,52,4,9.744435023372562,MS2,
Set 1,TG,Pos,O-,53,6,9.748250920224596,RT model,Not detected in 60% of any group
Set 1,TG,Pos,,62,10,9.751031015060013,MS2,
Set 1,TG,Pos,,57,7,9.755144578200099,MS2,
Set 1,TG,Pos,,45,0,9.768790454136509,MS2,
Set 1,TG,Pos,O-,60,10,9.772559675366313,RT model,Not detected in 60% of any group
Set 1,TG,Pos,,47,1,9.776615561438293,MS2,
Set 1,TG,Pos,,54,5,9.779121518837664,MS2,
Set 1,TG,Pos,,49,2,9.781467679142207,MS2,
Set 1,TG,Pos,,51,3,9.788708195841503,MS2,
Set 1,TG,Pos,,56,6,9.789600984628995,MS2,
Set 1,TG,Pos,,58,7,9.790581757522732,MS2,
Set 1,TG,Pos,,53,4,9.808018026152725,MS2,
Set 1,TG,Pos,O-,52,5,9.811005418021928,RT model,Not detected in 60% of any group
Set 1,TG,Pos,,55,5,9.835083265216891,MS2,
Set 1,TG,Pos,,48,1,9.848507869084296,MS2,
Set 1,TG,Pos,,46,0,9.84904745140624,MS2,
Set 1,TG,Pos,,50,2,9.849192278348154,MS2,
Set 1,TG,Pos,,62,9,9.850487332127743,MS2,
Set 1,TG,Pos,,52,3,9.850659869944586,MS2,
Set 1,TG,Pos,,48,1,9.851113367364963,RT model,
Set 1,TG,Pos,,57,6,9.854059526264153,MS2,
Set 1,TG,Pos,,60,8,9.855525036530274,RT model,
Set 1,TG,Pos,,64,10,9.862972862600692,RT model,Not detected in 60% of any group
Set 1,TG,Pos,,59,7,9.864073543037671,RT model,Not detected in 60% of any group
Set 1,TG,Pos,,54,4,9.869626520956604,MS2,
Set 1,TG,Pos,O-,55,6,9.886261531920466,RT model,Not detected in 60% of any group
Set 1,TG,Pos,,49,1,9.905739506678032,MS2,
Set 1,TG,Pos,,47,0,9.91199314409709,MS2,
Set 1,TG,Pos,,51,2,9.91500920824263,RT model,
Set 1,TG,Pos,,53,3,9.917167816100623,MS2,
Set 1,TG,Pos,,56,5,9.919893498370561,MS2,
Set 1,TG,Pos,,58,6,9.926591489522679,MS2,
Set 1,TG,Pos,,60,7,9.927464820355825,MS2,
Set 1,TG,Pos,,55,4,9.938288971171604,MS2,
Set 1,TG,Pos,,57,5,9.95091578911066,MS2,
Set 1,TG,Pos,,62,8,9.96622619173699,MS2,
Set 1,TG,Pos,,54,3,9.980115564157582,MS2,
Set 1,TG,Pos,,52,2,9.980917285102286,MS2,
Set 1,TG,Pos,,50,1,9.985245543715529,MS2,
Set 1,TG,Pos,,48,0,9.98887222166595,MS2,
Set 1,TG,Pos,,50,1,9.99183708352359,RT model,
Set 1,TG,Pos,,59,6,10.009179932707575,RT model,
Set 1,TG,Pos,,56,4,10.017114437546054,MS2,
Set 1,TG,Pos,O-,57,6,10.029140300875232,RT model,Not detected in 60% of any group
Set 1,TG,Pos,,58,5,10.038889350933935,MS2,
Set 1,TG,Pos,,49,0,10.04853685012133,MS2,
Set 1,TG,Pos,,51,1,10.049547408436569,MS2,
Set 1,TG,Pos,,60,6,10.051497102111595,RT model,
Set 1,TG,Pos,,55,3,10.052492713846231,RT model,
Set 1,TG,Pos,,53,2,10.052778926978018,MS2,
Set 1,TG,Pos,,62,7,10.062449369517052,MS2,
Set 1,TG,Pos,,57,4,10.072516449998664,RT model,
Set 1,TG,Pos,,56,3,10.115392762254674,MS2,
Set 1,TG,Pos,,54,2,10.117051376411318,MS2,
Set 1,TG,Pos,,61,6,10.117806158485639,RT model,Not detected in 60% of any group
Set 1,TG,Pos,,52,1,10.121555004945664,MS2,
Set 1,TG,Pos,,52,1,10.12504214743191,RT model,Not detected in 60% of any group
Set 1,TG,Pos,,50,0,10.12695098038488,MS2,
Set 1,TG,Pos,,64,8,10.12843083219373,MS2,
Set 1,TG,Pos,,58,4,10.147908749611025,MS2,
Set 1,TG,Pos,,60,5,10.166936885755709,MS2,
Set 1,TG,Pos,,53,1,10.169617257361349,MS2,
Set 1,TG,Pos,,57,3,10.172375696980104,RT model,
Set 1,TG,Pos,,51,0,10.179017127557863,RT model,
Set 1,TG,Pos,,62,6,10.189196252633263,MS2,
Set 1,TG,Pos,,55,2,10.189543339419611,MS2,
Set 1,TG,Pos,,64,7,10.222271271522413,MS2,Not detected in 60% of any group
Set 1,TG,Pos,,58,3,10.248450307897873,MS2,
Set 1,TG,Pos,,56,2,10.254563646888007,MS2,
Set 1,TG,Pos,,54,1,10.257851152810314,MS2,
Set 1,TG,Pos,,52,0,10.260858095316859,MS2,
Set 1,TG,Pos,,60,4,10.26660467683601,MS2,
Set 1,TG,Pos,,55,1,10.279406765611387,MS2,
Set 1,TG,Pos,,62,5,10.300311168477954,MS2,
Set 1,TG,Pos,,57,2,10.30976324919662,MS2,
Set 1,TG,Pos,,59,3,10.310618436720059,RT model,
Set 1,TG,Pos,,64,6,10.3188027760424,MS2,
Set 1,TG,Pos,,55,0,10.3420497902604,MS2,Not detected in 60% of any group
Set 1,TG,Pos,,57,1,10.352754466349955,MS2,
Set 1,TG,Pos,,66,7,10.357748980166093,RT model,Not detected in 60% of any group
Set 1,TG,Pos,,60,3,10.380951640543794,MS2,
Set 1,TG,Pos,,58,2,10.385883201664699,MS2,
Set 1,TG,Pos,,56,1,10.39178149966843,MS2,
Set 1,TG,Pos,,62,4,10.393393919947263,MS2,
Set 1,TG,Pos,,54,0,10.39566258532419,MS2,
Set 1,TG,Pos,,64,5,10.439440028123105,MS2,
Set 1,TG,Pos,,61,3,10.446015343589572,RT model,
Set 1,TG,Pos,,59,2,10.458493165168115,MS2,
Set 1,TG,Pos,,66,6,10.462832507933486,MS2,Not detected in 60% of any group
Set 1,TG,Pos,,62,3,10.506507841766998,MS2,
Set 1,TG,Pos,,57,0,10.507260844303065,MS2,Not detected in 60% of any group
Set 1,TG,Pos,,60,2,10.517899624361625,MS2,
Set 1,TG,Pos,,58,1,10.520242905445789,MS2,
Set 1,TG,Pos,,56,0,10.522778126592726,MS2,
Set 1,TG,Pos,,64,4,10.532265683899913,MS2,
Set 1,TG,Pos,,66,5,10.551093259031513,MS2,
Set 1,TG,Pos,,59,1,10.5667578472655,MS2,
Set 1,TG,Pos,O-,62,4,10.572283307334612,RT model,
Set 1,TG,Pos,,61,2,10.594047377395944,MS2,
Set 1,TG,Pos,,61,1,10.600937299485894,MS2,
Set 1,TG,Pos,,63,2,10.610195375800924,MS2,
Set 1,TG,Pos,,64,3,10.639686148577402,MS2,
Set 1,TG,Pos,,62,2,10.649887990368851,MS2,
Set 1,TG,Pos,,66,4,10.651777396735248,MS2,
Set 1,TG,Pos,,58,0,10.65260947626238,MS2,
Set 1,TG,Pos,,60,1,10.654516156978568,MS2,
Set 1,TG,Pos,,68,5,10.679730926133367,RT model,Not detected in 60% of any group
Set 1,TG,Pos,O-,64,4,10.708807100654802,RT model,
Set 1,TG,Pos,,60,0,10.761804573628705,MS2,
Set 1,TG,Pos,,66,3,10.769395605583192,MS2,
Set 1,TG,Pos,,64,2,10.779344889030595,MS2,
Set 1,TG,Pos,,62,1,10.787567272236345,MS2,
Set 1,TG,Pos,,62,0,10.889586072581897,MS2,
Set 1,TG,Pos,,68,3,10.896966046361495,MS2,
Set 1,TG,Pos,,66,2,10.90743882661982,MS2,
Set 1,TG,Pos,,64,1,10.916024582772836,MS2,
Set 1,TG,Pos,,47,0,10.995561903140159,MS2,RT model outlier
Set 1,TG,Pos,,68,2,11.038100726330308,MS2,
Set 1,TG,Pos,,70,3,11.045524725935715,RT model,Not detected in 60% of any group
Set 1,TG,Pos,,66,1,11.050895033116172,MS2,
Set 1,TG,Pos,,64,0,11.05348656081663,RT model,
Set 1,TG,Pos,,70,2,11.172855876092104,RT model,Not detected in 60% of any group
Set 1,TG,Pos,,66,0,11.183531527143435,RT model,Not detected in 60% of any group
Set 1,TG,Pos,,68,1,11.19311257385305,MS2,
Set 1,TG,Pos,,52,2,14.016711687366376,MS2,RT model outlier
Set 1,TG,Pos,,50,1,14.078091321672769,MS2,RT model outlier
Set 1,TG,Pos,,50,2,14.314708531280413,MS2,RT model outlier
Set 1,TG,Pos,,54,3,14.326165230963571,MS2,RT model outlier
Set 1,TG,Pos,,54,2,14.343004723707162,MS2,RT model outlier
Set 1,TG,Pos,,52,2,14.34987435108372,MS2,RT model outlier
Set 1,TG,Pos,,50,1,14.37165858414917,MS2,RT model outlier
Set 1,TG,Pos,,52,2,14.510740880347049,MS2,RT model outlier
Set 1,PC,Pos,,29,0,0.4226693014602386,MS2,RT model outlier
Set 1,PC,Pos,,36,2,1.2858153887856725,MS2,RT model outlier
Set 1,PC,Pos,,34,1,1.9654721472386985,MS2,RT model outlier
Set 1,PC,Pos,,36,2,5.153349503254024,MS2,RT model outlier
Set 1,PC,Pos,,34,1,5.1768623116788985,MS2,RT model outlier
Set 1,PC,Pos,,32,1,5.286817197660572,MS2,RT model outlier
Set 1,PC,Pos,,25,1,6.230738465804508,MS2,RT model outlier
Set 1,PC,Pos,,32,1,6.350199318699054,MS2,RT model outlier
Set 1,PC,Pos,,20,4,6.369069459641405,RT model,Not detected in 60% of any group
Set 1,PC,Pos,,21,2,6.520025672655401,MS2,
Set 1,PC,Pos,,33,1,6.526746764176793,MS2,RT model outlier
Set 1,PC,Pos,,22,0,6.657680220288881,MS2,Not detected in 60% of any group
Set 1,PC,Pos,,34,1,6.725264196297941,MS2,RT model outlier
Set 1,PC,Pos,,23,0,6.730732548534261,MS2,Not detected in 60% of any group
Set 1,PC,Pos,,25,0,6.880345257538822,MS2,
Set 1,PC,Pos,,27,1,6.901859356708377,MS2,
Set 1,PC,Pos,,35,1,6.969628687141571,MS2,RT model outlier
Set 1,PC,Pos,O-,33,1,6.991002449094403,MS2,RT model outlier
Set 1,PC,Pos,,38,4,7.054192674217101,MS2,RT model outlier
Set 1,PC,Pos,,27,0,7.218280278472346,MS2,Not detected in 60% of any group
Set 1,PC,Pos,,38,3,7.3654496737259345,MS2,RT model outlier
Set 1,PC,Pos,,26,1,7.38679647136001,MS2,Not detected in 60% of any group
Set 1,PC,Pos,,38,4,7.436743407443186,MS2,Not detected in 60% of any group
Set 1,PC,Pos,,32,0,7.441075043073539,MS2,Not detected in 60% of any group
Set 1,PC,Pos,,28,2,7.469895754190355,MS2,
Set 1,PC,Pos,,38,1,7.489385226396968,MS2,RT model outlier
Set 1,PC,Pos,,36,6,7.510351513569353,MS2,Not detected in 60% of any group
Set 1,PC,Pos,,34,6,7.528126969849297,RT model,
Set 1,PC,Pos,,31,3,7.59894598782888,MS2,Not detected in 60% of any group
Set 1,PC,Pos,,42,11,7.608665280570048,MS2,
Set 1,PC,Pos,,42,10,7.62227061008851,MS2,Not detected in 60% of any group
Set 1,PC,Pos,,29,2,7.63287462434184,MS2,Not detected in 60% of any group
Set 1,PC,Pos,,30,3,7.63391576508889,MS2,
Set 1,PC,Pos,,26,0,7.646902090559438,MS2,
Set 1,PC,Pos,O-,30,1,7.6779730742692855,MS2,Not detected in 60% of any group
Set 1,PC,Pos,,32,4,7.681534063580341,MS2,
Set 1,PC,Pos,,36,2,7.692621327671453,MS2,Not detected in 60% of any group
Set 1,PC,Pos,,44,11,7.715140732044972,MS2,Not detected in 60% of any group
Set 1,PC,Pos,,31,1,7.7193023548622035,MS2,Not detected in 60% of any group
Set 1,PC,Pos,,34,5,7.727448063146844,MS2,
Set 1,PC,Pos,,40,9,7.7378498654156385,MS2,Not detected in 60% of any group
Set 1,PC,Pos,,31,3,7.752932421643436,MS2,
Set 1,PC,Pos,,28,1,7.7564752979029805,MS2,
Set 1,PC,Pos,,33,6,7.762635957752446,MS2,Adduct pair: the [M+Na]+ of PC 31:3 at 7.753 min
Set 1,PC,Pos,,34,0,7.775517893835642,MS2,
Set 1,PC,Pos,,32,5,7.784455146440058,MS2,Adduct pair: the [M+Na]+ of PC 30:2 at 7.825 min
Set 1,PC,Pos,,36,1,7.800592159994154,MS2,Not detected in 60% of any group
Set 1,PC,Pos,,27,0,7.8031705785768875,MS2,
Set 1,PC,Pos,,33,4,7.808468608566509,MS2,Not detected in 60% of any group
Set 1,PC,Pos,,36,6,7.811081647845051,MS2,
Set 1,PC,Pos,,30,0,7.811771143965413,MS2,Not detected in 60% of any group
Set 1,PC,Pos,,42,9,7.812302318164777,MS2,Not detected in 60% of any group
Set 1,PC,Pos,,30,2,7.824783351338442,MS2,
Set 1,PC,Pos,,38,4,7.8340016358176126,MS2,Not detected in 60% of any group
Set 1,PC,Pos,,29,1,7.842076899870209,MS2,
Set 1,PC,Pos,,44,11,7.848847346562207,MS2,Not detected in 60% of any group
Set 1,PC,Pos,,36,3,7.853659166682871,MS2,Not detected in 60% of any group
Set 1,PC,Pos,,38,7,7.855294070400225,MS2,
Set 1,PC,Pos,,35,7,7.858072020277356,MS2,Adduct pair: the [M+Na]+ of PC 33:4 at 7.808 min
Set 1,PC,Pos,,32,2,7.858397586225158,MS2,Not detected in 60% of any group
Set 1,PC,Pos,,35,5,7.86841043875196,MS2,
Set 1,PC,Pos,,32,3,7.88425045873004,MS2,
Set 1,PC,Pos,,40,8,7.903047635822614,MS2,
Set 1,PC,Pos,,37,8,7.910701652678015,MS2,Adduct pair: the [M+K]+ of PC[OH] OH-32:0 at 7.832 min
Set 1,PC,Pos,,34,4,7.9247825907188965,MS2,
Set 1,PC,Pos,,31,2,7.925022028734361,MS2,
Set 1,PC,Pos,,37,5,7.92919254236096,MS2,Not detected in 60% of any group
Set 1,PC,Pos,,37,6,7.930829568458226,MS2,Not detected in 60% of any group
Set 1,PC,Pos,,44,12,7.9361004252750496,MS2,
Set 1,PC,Pos,O-,28,0,7.9515754938007515,MS2,Not detected in 60% of any group
Set 1,PC,Pos,,28,0,7.951831863906835,MS2,
Set 1,PC,Pos,O-,34,4,7.957457548625112,MS2,
Set 1,PC,Pos,,33,3,7.960837859364444,MS2,
Set 1,PC,Pos,,30,1,7.980142562145343,MS2,Adduct pair: the [M+H-H2O]+ of PC[OH] OH-30:0 at 7.889 min
Set 1,PC,Pos,,39,7,7.984277140468072,MS2,
Set 1,PC,Pos,,44,9,7.985337953192491,MS2,Not detected in 60% of any group
Set 1,PC,Pos,,33,5,7.989415949812324,MS2,Adduct pair: the [M+Na]+ of PC 31:2 at 7.925 min
Set 1,PC,Pos,,34,5,7.994674717767961,MS2,
Set 1,PC,Pos,,38,8,7.9985177011446265,MS2,Not detected in 60% of any group
Set 1,PC,Pos,O-,36,5,8.000055750899666,MS2,Not detected in 60% of any group
Set 1,PC,Pos,,42,9,8.001986781325552,MS2,
Set 1,PC,Pos,,32,0,8.005215519507463,MS2,
Set 1,PC,Pos,,34,1,8.005589589591189,MS2,Not detected in 60% of any group
Set 1,PC,Pos,,32,2,8.009418138864614,MS2,
Set 1,PC,Pos,,36,5,8.010993737825737,MS2,
Set 1,PC,Pos,O-,38,6,8.043416845522739,MS2,Not detected in 60% of any group
Set 1,PC,Pos,,31,3,8.044598714971396,MS2,
Set 1,PC,Pos,,35,4,8.052516267087483,MS2,
Set 1,PC,Pos,,32,1,8.053569976539654,MS2,Not detected in 60% of any group
Set 1,PC,Pos,O-,26,0,8.05512505645241,MS2,Not detected in 60% of any group
Set 1,PC,Pos,O-,34,0,8.059095584374953,MS2,Not detected in 60% of any group
Set 1,PC,Pos,,37,5,8.082065901648606,MS2,
Set 1,PC,Pos,,35,6,8.092279246188419,MS2,
Set 1,PC,Pos,,27,0,8.09443709887506,MS2,Not detected in 60% of any group
Set 1,PC,Pos,,34,3,8.09672295837282,MS2,
Set 1,PC,Pos,,40,9,8.09936156403155,MS2,
Set 1,PC,Pos,,38,6,8.099714019301663,MS2,
Set 1,PC,Pos,,40,7,8.105093192979247,MS2,
Set 1,PC,Pos,,29,0,8.11130824855365,MS2,
Set 1,PC,Pos,,31,1,8.120613740193248,MS2,
Set 1,PC,Pos,O-,30,1,8.123778194619412,MS2,
Set 1,PC,Pos,,33,2,8.138151523244629,MS2,
Set 1,PC,Pos,O-,36,5,8.139013631737553,MS2,
Set 1,PC,Pos,,42,8,8.141375422710274,MS2,
Set 1,PC,Pos,O-,32,2,8.146329981399722,MS2,
Set 1,PC,Pos,,36,6,8.149783524103277,MS2,Not detected in 60% of any group
Set 1,PC,Pos,,39,6,8.166157291581031,MS2,
Set 1,PC,Pos,,35,3,8.171611383730474,MS2,
Set 1,PC,Pos,,36,4,8.182478312671217,MS2,
Set 1,PC,Pos,,35,5,8.187713283773451,MS2,
Set 1,PC,Pos,,38,5,8.189380361666242,MS2,
Set 1,PC,Pos,O-,32,1,8.190340416119884,MS2,
Set 1,PC,Pos,,40,6,8.192929122160256,MS2,
Set 1,PC,Pos,,34,0,8.196845113733914,MS2,
Set 1,PC,Pos,O-,38,6,8.210266816891378,MS2,
Set 1,PC,Pos,,29,1,8.210994803370514,MS2,
Set 1,PC,Pos,O-,40,7,8.216265580433442,MS2,
Set 1,PC,Pos,,30,0,8.218614441441662,MS2,
Set 1,PC,Pos,,32,1,8.24005452945945,MS2,
Set 1,PC,Pos,,34,2,8.25522474873407,MS2,
Set 1,PC,Pos,O-,40,6,8.286429837113651,MS2,
Set 1,PC,Pos,,37,4,8.293098461885402,MS2,
Set 1,PC,Pos,,39,5,8.31919306140931,MS2,
Set 1,PC,Pos,,36,3,8.3269722613453,MS2,
Set 1,PC,Pos,,37,6,8.332566988049065,MS2,
Set 1,PC,Pos,,42,7,8.347094624380794,MS2,
Set 1,PC,Pos,,40,6,8.351521325767331,MS2,
Set 1,PC,Pos,,31,0,8.35402346793965,MS2,
Set 1,PC,Pos,,33,1,8.362349635690764,MS2,
Set 1,PC,Pos,,33,0,8.363523518289812,MS2,Not detected in 60% of any group
Set 1,PC,Pos,,35,2,8.37124741618602,MS2,
Set 1,PC,Pos,O-,32,1,8.384146705808146,MS2,
Set 1,PC,Pos,O-,34,4,8.396369028985635,MS2,
Set 1,PC,Pos,,38,4,8.399040689342229,MS2,
Set 1,PC,Pos,,35,4,8.407391923456107,MS2,
Set 1,PC,Pos,,37,3,8.410763011318368,MS2,
Set 1,PC,Pos,,42,6,8.419654054657258,MS2,
Set 1,PC,Pos,,40,5,8.424697366015035,MS2,
Set 1,PC,Pos,,39,4,8.441615889692702,MS2,
Set 1,PC,Pos,,32,0,8.473362957621601,MS2,
Set 1,PC,Pos,,34,1,8.478588427526558,MS2,
Set 1,PC,Pos,,34,0,8.483391416939183,MS2,Not detected in 60% of any group
Set 1,PC,Pos,,36,2,8.488035413219693,MS2,
Set 1,PC,Pos,,36,4,8.506645493593469,MS2,Not detected in 60% of any group
Set 1,PC,Pos,,32,1,8.554423388730273,MS2,Not detected in 60% of any group
Set 1,PC,Pos,O-,38,2,8.55989366459905,MS2,Not detected in 60% of any group
Set 1,PC,Pos,,44,7,8.569947817076457,MS2,Not detected in 60% of any group
Set 1,PC,Pos,,38,3,8.574975976084085,MS2,
Set 1,PC,Pos,,40,4,8.596969292382271,MS2,
Set 1,PC,Pos,,35,1,8.59893412421192,MS2,
Set 1,PC,Pos,,37,2,8.614761373392335,MS2,
Set 1,PC,Pos,,33,0,8.620388618980549,MS2,
Set 1,PC,Pos,O-,37,2,8.629296951607579,MS2,
Set 1,PC,Pos,,42,5,8.633601329876969,MS2,
Set 1,PC,Pos,,39,3,8.642761702502106,MS2,
Set 1,PC,Pos,,44,6,8.694631189736423,MS2,Not detected in 60% of any group
Set 1,PC,Pos,O-,42,6,8.697189494786539,MS2,Adduct pair: the [M+Na]+ of Plasmanyl-PC O-40:4 at 8.780 min
Set 1,PC,Pos,,38,2,8.713474111569418,MS2,
Set 1,PC,Pos,,38,1,8.717782246939628,MS2,Not detected in 60% of any group
Set 1,PC,Pos,,36,1,8.721814785195914,MS2,
Set 1,PC,Pos,,34,0,8.729198868793228,MS2,
Set 1,PC,Pos,,38,4,8.73465791668029,MS2,Adduct pair: the [M+Na]+ of PC 36:1 at 8.722 min
Set 1,PC,Pos,,40,5,8.737903518605078,MS2,Not detected in 60% of any group
Set 1,PC,Pos,,40,3,8.76902659435972,MS2,
Set 1,PC,Pos,,42,4,8.810329112275786,MS2,
Set 1,PC,Pos,,35,0,8.816152856386301,MS2,
Set 1,PC,Pos,,39,2,8.829887298700331,MS2,
Set 1,PC,Pos,,37,1,8.832463514725525,MS2,
Set 1,PC,Pos,,41,3,8.85613920520776,MS2,Not detected in 60% of any group
Set 1,PC,Pos,,44,5,8.874248708483853,MS2,
Set 1,PC,Pos,,46,6,8.886988012479378,MS2,Not detected in 60% of any group
Set 1,PC,Pos,O-,40,4,8.907851026197369,MS2,Not detected in 60% of any group
Set 1,PC,Pos,,40,2,8.938679858818379,MS2,
Set 1,PC,Pos,,42,3,8.949327513085908,MS2,
Set 1,PC,Pos,,38,1,8.953686116377588,MS2,
Set 1,PC,Pos,O-,37,2,8.969743694677875,MS2,Not detected in 60% of any group
Set 1,PC,Pos,,41,4,8.969863004908786,MS2,Not detected in 60% of any group
Set 1,PC,Pos,,46,6,9.035648790694143,MS2,Not detected in 60% of any group
Set 1,PC,Pos,,41,2,9.040177359858724,MS2,
Set 1,PC,Pos,,39,1,9.047823994051015,MS2,
Set 1,PC,Pos,,44,4,9.05134817763272,MS2,
Set 1,PC,Pos,O-,44,4,9.082043591337891,MS2,
Set 1,PC,Pos,,43,3,9.08892576980947,MS2,Not detected in 60% of any group
Set 1,PC,Pos,,46,5,9.102223377459906,MS2,
Set 1,PC,Pos,,44,3,9.149191752235465,MS2,
Set 1,PC,Pos,,42,2,9.151204440053533,MS2,
Set 1,PC,Pos,,40,1,9.175436584923359,MS2,
Set 1,PC,Pos,O-,42,2,9.1882154191674,MS2,
Set 1,PC,Pos,,38,0,9.192103556521095,MS2,
Set 1,PC,Pos,,39,1,9.204434766145999,MS2,
Set 1,PC,Pos,,43,2,9.261779325043944,MS2,
Set 1,PC,Pos,,46,4,9.274078789774302,MS2,
Set 1,PC,Pos,,41,1,9.2802959599919,MS2,
Set 1,PC,Pos,,48,5,9.341629823045533,MS2,Not detected in 60% of any group
Set 1,PC,Pos,O-,44,2,9.34351180549715,MS2,
Set 1,PC,Pos,,44,1,9.361112382214483,MS2,Not detected in 60% of any group
Set 1,PC,Pos,,44,2,9.366171317286058,MS2,
Set 1,PC,Pos,,41,3,9.3821191792206,MS2,
Set 1,PC,Pos,,42,1,9.39663046729376,MS2,
Set 1,PC,Pos,,40,0,9.415285324978644,MS2,
Set 1,PC,Pos,,48,4,9.447655019256121,MS2,Not detected in 60% of any group
Set 1,PC,Pos,,46,3,9.45508931894441,MS2,Not detected in 60% of any group
Set 1,PC,Pos,,46,2,9.570725173045808,MS2,Not detected in 60% of any group
Set 1,PC,Pos,,44,1,9.622943679031398,MS2,
Set 1,PC,Pos,,42,0,9.68227657788845,MS2,
Set 1,PC,Pos,O-,36,0,14.420174267082455,MS2,RT model outlier
Set 1,PC,Pos,,34,1,14.477209232269947,MS2,RT model outlier
Set 1,PC,Pos,,36,2,14.485584781765592,MS2,RT model outlier
Set 2,TG,Pos,,42,8,11.424435270169162,RT model,
Set 2,TG,Pos,,47,10,11.722895462558927,RT model,
Set 2,TG,Pos,,44,9,11.722895462558927,RT model,
Set 2,TG,Pos,,45,8,11.87155264668015,RT model,
Set 2,TG,Pos,,50,2,11.9491890304307,MS2,RT model outlier
Set 2,TG,Pos,,50,1,12.363431236603516,MS2,RT model outlier
Set 2,TG,Pos,,43,5,12.802704463027286,RT model,
Set 2,TG,Pos,,50,1,12.887504576528634,MS2,RT model outlier
Set 2,TG,Pos,,48,0,13.023846172447529,MS2,RT model outlier
Set 2,TG,Pos,,50,1,13.05900681523261,MS2,RT model outlier
Set 2,TG,Pos,,44,2,13.315878509276951,MS2,RT model outlier
Set 2,TG,Pos,,46,3,13.386641958044805,MS2,RT model outlier
Set 2,TG,Pos,,54,6,13.833567419278443,MS2,RT model outlier
Set 2,TG,Pos,,54,7,13.980249739079166,MS2,
Set 2,TG,Pos,,42,0,14.5086374638733,MS2,
Set 2,TG,Pos,,58,8,14.557919204405522,RT model,
Set 2,TG,Pos,,44,1,14.568842780612535,MS2,
Set 2,TG,Pos,,46,1,14.568842780612535,MS2,RT model outlier
Set 2,TG,Pos,,56,7,14.628882395220897,RT model,
Set 2,TG,Pos,,46,2,14.666893392653462,MS2,
Set 2,TG,Pos,,48,2,14.672312952203878,MS2,RT model outlier
Set 2,TG,Pos,,50,2,14.736606815848099,MS2,RT model outlier
Set 2,TG,Pos,,50,3,14.743115960698733,MS2,
Set 2,TG,Pos,,48,3,14.743115960698733,MS2,
Set 2,TG,Pos,,48,3,14.743115960698733,MS2,Redundant Identification
Set 2,TG,Pos,,52,3,14.83498767113573,MS2,RT model outlier
Set 2,TG,Pos,,50,4,14.842807388934927,MS2,Redundant Identification
Set 2,TG,Pos,,52,4,14.842807388934927,MS2,
Set 2,TG,Pos,,50,4,14.842807388934927,MS2,
Set 2,TG,Pos,,58,8,14.953517052189666,RT model,
Set 2,TG,Pos,,54,4,15.026662271629723,MS2,
Set 2,TG,Pos,,52,5,15.032587014597592,MS2,Redundant Identification
Set 2,TG,Pos,,52,5,15.032587014597592,MS2,
Set 2,TG,Pos,,56,6,15.05392236179258,RT model,
Set 2,TG,Pos,,45,1,15.13801017360893,RT model,
Set 2,TG,Pos,,47,2,15.181785052865992,MS2,
Set 2,TG,Pos,,51,3,15.253027541970367,MS2,
Set 2,TG,Pos,,49,3,15.253027541970367,MS2,
Set 2,TG,Pos,,51,4,15.336787247083807,MS2,Redundant Identification
Set 2,TG,Pos,,51,4,15.336787247083807,MS2,
Set 2,TG,Pos,,53,4,15.347773997519765,RT model,
Set 2,TG,Pos,,52,5,15.349593317369573,RT model,
Set 2,TG,Pos,,54,4,15.349593317369573,MS2,
Set 2,TG,Pos,,55,5,15.386145744704645,RT model,
Set 2,TG,Pos,,56,6,15.419066302941676,RT model,
Set 2,TG,Pos,,54,6,15.419066302941676,MS2,
Set 2,TG,Pos,,57,6,15.424582629536758,RT model,
Set 2,TG,Pos,,59,7,15.458041695294002,RT model,
Set 2,TG,Pos,,58,7,15.463536426274544,RT model,
Set 2,TG,Pos,,44,0,15.552722438660778,MS2,Redundant Identification
Set 2,TG,Pos,,45,0,15.552722438660778,RT model,
Set 2,TG,Pos,,44,0,15.558814736924472,MS2,
Set 2,TG,Pos,,46,0,15.564879487654071,MS2,
Set 2,TG,Pos,,48,0,15.576039405008496,MS2,RT model outlier
Set 2,TG,Pos,,46,1,15.576039405008496,MS2,Redundant Identification
Set 2,TG,Pos,,48,1,15.581976409733524,MS2,
Set 2,TG,Pos,,46,1,15.581976409733524,MS2,
Set 2,TG,Pos,,50,1,15.610676344211003,MS2,
Set 2,TG,Pos,,48,2,15.616149327514115,MS2,Redundant Identification
Set 2,TG,Pos,,48,2,15.632583161701723,MS2,
Set 2,TG,Pos,,50,2,15.64374436523339,MS2,
Set 2,TG,Pos,,52,2,15.652055203316753,MS2,
Set 2,TG,Pos,,50,3,15.662546975724803,MS2,Redundant Identification
Set 2,TG,Pos,,50,3,15.668854905433127,MS2,
Set 2,TG,Pos,,52,3,15.708591144413964,MS2,
Set 2,TG,Pos,,53,4,15.72806788309092,RT model,
Set 2,TG,Pos,,52,4,15.72806788309092,MS2,Redundant Identification
Set 2,TG,Pos,,52,4,15.733434722103047,MS2,
Set 2,TG,Pos,,54,3,15.733434722103047,MS2,
Set 2,TG,Pos,,54,4,15.734402623357587,MS2,
Set 2,TG,Pos,,54,5,15.769065540028443,MS2,
Set 2,TG,Pos,,57,5,15.769065540028443,RT model,
Set 2,TG,Pos,,55,5,15.769065540028443,RT model,
Set 2,TG,Pos,,56,5,15.769065540028443,MS2,
Set 2,TG,Pos,,58,6,15.861490657366698,RT model,
Set 2,TG,Pos,,52,4,15.915684468392348,MS2,
Set 2,TG,Pos,,45,0,15.931221091838234,MS2,
Set 2,TG,Pos,,47,1,15.931221091838234,MS2,
Set 2,TG,Pos,,49,2,15.948835315168065,MS2,
Set 2,TG,Pos,,56,6,15.948835315168065,MS2,
Set 2,TG,Pos,,49,1,15.953173101711059,MS2,
Set 2,TG,Pos,,49,2,15.978488806281986,MS2,Redundant Identification
Set 2,TG,Pos,,60,7,16.000427927383672,RT model,
Set 2,TG,Pos,,51,3,16.006685541987608,MS2,
Set 2,TG,Pos,,51,3,16.006685541987608,MS2,Redundant Identification
Set 2,TG,Pos,,53,3,16.012868629295888,MS2,
Set 2,TG,Pos,,54,4,16.03639532589505,MS2,
Set 2,TG,Pos,,52,4,16.045251511802796,MS2,
Set 2,TG,Pos,,55,4,16.04820513747585,RT model,
Set 2,TG,Pos,,53,4,16.04820513747585,MS2,
Set 2,TG,Pos,,56,5,16.05451031659233,MS2,
Set 2,TG,Pos,,54,3,16.05812447309594,MS2,
Set 2,TG,Pos,,62,8,16.062812101261635,RT model,
Set 2,TG,Pos,,54,5,16.070948803123418,MS2,
Set 2,TG,Pos,,56,6,16.100474389262857,MS2,
Set 2,TG,Pos,,58,6,16.100474389262857,RT model,
Set 2,TG,Pos,,48,1,16.176573689345926,RT model,
Set 2,TG,Pos,,48,1,16.24120132154047,MS2,Redundant Identification
Set 2,TG,Pos,,50,0,16.246545647489416,MS2,
Set 2,TG,Pos,,46,0,16.246545647489416,MS2,
Set 2,TG,Pos,,48,0,16.252280982739492,MS2,
Set 2,TG,Pos,,48,1,16.252280982739492,MS2,
Set 2,TG,Pos,,51,2,16.25760404202838,RT model,
Set 2,TG,Pos,,53,2,16.25760404202838,RT model,
Set 2,TG,Pos,,50,2,16.25760404202838,MS2,Redundant Identification
Set 2,TG,Pos,,50,1,16.25760404202838,MS2,
Set 2,TG,Pos,,52,1,16.25760404202838,MS2,
Set 2,TG,Pos,,52,2,16.262970796098745,MS2,
Set 2,TG,Pos,,50,2,16.263302827718935,MS2,
Set 2,TG,Pos,,55,3,16.29777091584267,RT model,
Set 2,TG,Pos,,53,3,16.303405010997576,RT model,
Set 2,TG,Pos,,54,3,16.303405010997576,MS2,
Set 2,TG,Pos,,52,3,16.303405010997576,MS2,
Set 2,TG,Pos,,52,3,16.303405010997576,MS2,Redundant Identification
Set 2,TG,Pos,,54,4,16.327091612901917,MS2,
Set 2,TG,Pos,,54,4,16.36160168049135,MS2,Redundant Identification
Set 2,TG,Pos,,57,4,16.38536357606077,RT model,
Set 2,TG,Pos,,56,5,16.40807744138839,RT model,
Set 2,TG,Pos,,56,4,16.44192033269489,MS2,
Set 2,TG,Pos,,47,0,16.443783175323134,MS2,
Set 2,TG,Pos,,49,1,16.468396912163506,MS2,
Set 2,TG,Pos,,58,5,16.480003618907265,RT model,
Set 2,TG,Pos,,60,6,16.513421068524046,RT model,
Set 2,TG,Pos,,47,0,16.531315953545008,RT model,
Set 2,TG,Pos,,51,2,16.542950819393226,MS2,
Set 2,TG,Pos,,53,2,16.542950819393226,MS2,
Set 2,TG,Pos,,51,2,16.542950819393226,MS2,Redundant Identification
Set 2,TG,Pos,,49,1,16.542950819393226,MS2,
Set 2,TG,Pos,,54,2,16.55499217335651,MS2,
Set 2,TG,Pos,,53,3,16.56667888985771,MS2,
Set 2,TG,Pos,,55,3,16.57278048704834,RT model,
Set 2,TG,Pos,,53,3,16.578851725964714,MS2,Redundant Identification
Set 2,TG,Pos,,57,4,16.578851725964714,RT model,
Set 2,TG,Pos,,52,1,16.589510717959417,MS2,
Set 2,TG,Pos,,59,5,16.613128012467737,RT model,
Set 2,TG,Pos,,58,5,16.618840083773183,RT model,
Set 2,TG,Pos,,48,0,16.622085149308905,MS2,
Set 2,TG,Pos,,50,1,16.6886386928003,MS2,
Set 2,TG,Pos,,52,2,16.733986891153158,MS2,
Set 2,TG,Pos,,54,3,16.751340334457943,MS2,
Set 2,TG,Pos,,50,1,16.7704929345693,MS2,Redundant Identification
Set 2,TG,Pos,,52,2,16.7704929345693,MS2,Redundant Identification
Set 2,TG,Pos,,55,2,16.775959593324856,RT model,
Set 2,TG,Pos,,53,2,16.775959593324856,MS2,
Set 2,TG,Pos,,50,1,16.781610666476226,MS2,
Set 2,TG,Pos,,48,0,16.786961654740388,MS2,
Set 2,TG,Pos,,54,3,16.813917393374613,MS2,
Set 2,TG,Pos,,56,4,16.819941358085725,RT model,
Set 2,TG,Pos,,57,3,16.819941358085725,RT model,
Set 2,TG,Pos,,56,3,16.819941358085725,MS2,
Set 2,TG,Pos,,58,4,16.84975333457007,RT model,
Set 2,TG,Pos,,48,0,16.892589403043853,MS2,
Set 2,TG,Pos,,54,2,16.94296742870742,MS2,
Set 2,TG,Pos,,56,4,17.000036678967785,MS2,
Set 2,TG,Pos,,49,0,17.012334490248673,MS2,
Set 2,TG,Pos,,53,2,17.012334490248673,MS2,
Set 2,TG,Pos,,54,1,17.012334490248673,MS2,
Set 2,TG,Pos,,51,1,17.01265544467189,MS2,
Set 2,TG,Pos,,55,2,17.01793833210933,RT model,
Set 2,TG,Pos,,53,2,17.01793833210933,MS2,Redundant Identification
Set 2,TG,Pos,,56,3,17.024311347106345,RT model,
Set 2,TG,Pos,,57,3,17.02991243370447,RT model,
Set 2,TG,Pos,,54,3,17.030222284754988,MS2,
Set 2,TG,Pos,,52,2,17.08651604297541,MS2,
Set 2,TG,Pos,,54,2,17.193270754361574,MS2,
Set 2,TG,Pos,,56,3,17.197740614847053,RT model,
Set 2,TG,Pos,,52,1,17.19799602885042,MS2,
Set 2,TG,Pos,,50,0,17.19809823124032,MS2,
Set 2,TG,Pos,,58,3,17.218353861700958,RT model,
Set 2,TG,Pos,,54,2,17.218353861700958,MS2,Redundant Identification
Set 2,TG,Pos,,56,2,17.22377616138838,MS2,
Set 2,TG,Pos,,57,2,17.22377616138838,RT model,
Set 2,TG,Pos,,53,1,17.23007652737351,MS2,
Set 2,TG,Pos,,55,1,17.23007652737351,RT model,
Set 2,TG,Pos,,52,1,17.23007652737351,MS2,Redundant Identification
Set 2,TG,Pos,,50,0,17.236377207284615,MS2,
Set 2,TG,Pos,,51,0,17.236377207284615,RT model,
Set 2,TG,Pos,,60,4,17.23638050390635,RT model,
Set 2,TG,Pos,,59,4,17.340129227435796,RT model,
Set 2,TG,Pos,,53,0,17.37104972816316,MS2,
Set 2,TG,Pos,,56,1,17.375282456895473,MS2,
Set 2,TG,Pos,,58,2,17.375282456895473,RT model,
Set 2,TG,Pos,,52,0,17.38101714569917,MS2,
Set 2,TG,Pos,,54,0,17.38101714569917,MS2,
Set 2,TG,Pos,,48,0,17.405256980548018,MS2,
Set 2,TG,Pos,,51,0,17.410586456050428,MS2,
Set 2,TG,Pos,,50,0,17.419546100502465,MS2,
Set 2,TG,Pos,,55,2,17.422297538628204,RT model,
Set 2,TG,Pos,,53,1,17.422297538628204,MS2,
Set 2,TG,Pos,,57,2,17.422297538628204,RT model,
Set 2,TG,Pos,,62,4,17.58713943159149,RT model,
Set 2,TG,Pos,,60,3,17.58713943159149,RT model,
Set 2,TG,Pos,,54,1,17.596283874507446,MS2,
Set 2,TG,Pos,,58,2,17.598707834937333,RT model,
Set 2,TG,Pos,,56,2,17.598707834937333,MS2,
Set 2,TG,Pos,,54,1,17.61039832743056,MS2,Redundant Identification
Set 2,TG,Pos,,56,1,17.61039832743056,RT model,
Set 2,TG,Pos,,57,1,17.61039832743056,RT model,
Set 2,TG,Pos,,55,0,17.621775979366173,RT model,
Set 2,TG,Pos,,52,0,17.62725092588967,MS2,
Set 2,TG,Pos,,66,6,17.679511014077487,RT model,
Set 2,TG,Pos,,61,3,17.703198835733538,RT model,
Set 2,TG,Pos,,57,1,17.784977540561606,RT model,
Set 2,TG,Pos,,58,2,17.948981789895083,MS2,
Set 2,TG,Pos,,60,2,17.948981789895083,RT model,
Set 2,TG,Pos,,62,3,17.954696118160747,RT model,
Set 2,TG,Pos,,58,1,17.95472239576175,MS2,
Set 2,TG,Pos,,54,0,17.965720431978028,MS2,Blank
Set 2,TG,Pos,,56,0,17.96641038037574,RT model,
Set 2,TG,Pos,,54,0,17.96641038037574,MS2,Redundant Identification
Set 2,TG,Pos,,60,2,18.25809847653397,MS2,
Set 2,TG,Pos,,62,2,18.26388725898784,RT model,
Set 2,TG,Pos,,58,1,18.26388725898784,MS2,
Set 2,TG,Pos,,60,1,18.26388725898784,RT model,
Set 2,TG,Pos,,58,0,18.27591877084377,RT model,
Set 2,TG,Pos,,60,1,18.56229499489691,RT model,
Set 2,PC,Pos,,36,1,7.382330005618625,MS2,RT model outlier
Set 2,PC,Pos,,34,4,7.652058994172994,MS2,
Set 2,PC,Pos,,38,7,7.681308483497989,MS2,
Set 2,PC,Pos,,36,5,7.698747558164658,MS2,
Set 2,PC,Pos,,33,5,7.698747558164658,RT model,
Set 2,PC,Pos,O-,38,6,7.835769523790374,MS2,
Set 2,PC,Pos,,35,7,7.852002181291563,RT model,
Set 2,PC,Pos,,36,5,7.8868829806025555,MS2,
Set 2,PC,Pos,,34,3,7.8868829806025555,MS2,
Set 2,PC,Pos,,38,6,7.955850343052419,MS2,
Set 2,PC,Pos,,34,2,8.00759604392579,MS2,
Set 2,PC,Pos,,36,4,8.03577414220249,MS2,
Set 2,PC,Pos,,35,6,8.060720477273001,RT model,
Set 2,PC,Pos,,34,1,8.087598193813994,MS2,
Set 2,PC,Pos,,34,3,8.134391804178218,MS2,
Set 2,PC,Pos,O-,40,6,8.140264255753497,MS2,
Set 2,PC,Pos,,40,7,8.145827331516667,MS2,
Set 2,PC,Pos,,38,7,8.168047033850534,MS2,
Set 2,PC,Pos,,36,6,8.203817693881653,MS2,
Set 2,PC,Pos,,34,4,8.209542902424593,MS2,
Set 2,PC,Pos,,36,3,8.215129396824592,MS2,
Set 2,PC,Pos,,33,3,8.215194545297091,RT model,
Set 2,PC,Pos,,35,5,8.22078103969709,MS2,
Set 2,PC,Pos,,36,5,8.254924431788181,MS2,
Set 2,PC,Pos,,36,2,8.272170047625497,MS2,
Set 2,PC,Pos,,38,4,8.278813712959264,MS2,
Set 2,PC,Pos,,40,8,8.290421733375748,RT model,
Set 2,PC,Pos,,40,5,8.29513572214693,MS2,
Set 2,PC,Pos,,34,4,8.307709506167539,MS2,
Set 2,PC,Pos,,38,3,8.347494630311035,MS2,
Set 2,PC,Pos,,37,6,8.37023234984942,RT model,
Set 2,PC,Pos,,38,6,8.403922808266797,MS2,
Set 2,PC,Pos,,32,2,8.403922808266797,MS2,
Set 2,PC,Pos,,32,1,8.403922808266797,MS2,
Set 2,PC,Pos,,36,5,8.425884706981524,MS2,
Set 2,PC,Pos,,36,1,8.443268730420801,MS2,
Set 2,PC,Pos,,35,4,8.48936184000598,MS2,
Set 2,PC,Pos,,34,3,8.489591528294097,MS2,
Set 2,PC,Pos,,34,2,8.49902710322284,MS2,
Set 2,PC,Pos,,36,4,8.506843090871875,MS2,
Set 2,PC,Pos,,37,5,8.530065510763823,MS2,
Set 2,PC,Pos,,38,2,8.530089088348864,MS2,
Set 2,PC,Pos,,38,6,8.546997888299469,MS2,
Set 2,PC,Pos,,42,8,8.56576179674622,RT model,
Set 2,PC,Pos,,33,2,8.594125131291838,MS2,
Set 2,PC,Pos,,40,6,8.605937375616735,MS2,
Set 2,PC,Pos,,38,4,8.65343948647854,MS2,
Set 2,PC,Pos,,35,5,8.665383102772305,MS2,
Set 2,PC,Pos,O-,38,5,8.678003675956251,MS2,
Set 2,PC,Pos,,35,3,8.680899282805548,MS2,
Set 2,PC,Pos,,36,4,8.683264902183328,MS2,
Set 2,PC,Pos,,30,0,8.687314171176356,MS2,
Set 2,PC,Pos,,38,5,8.690736694287468,MS2,
Set 2,PC,Pos,,39,6,8.699276324041298,MS2,
Set 2,PC,Pos,,32,1,8.725083923449619,MS2,
Set 2,PC,Pos,,32,0,8.726219673323463,MS2,
Set 2,PC,Pos,,34,4,8.726219673323463,MS2,
Set 2,PC,Pos,,34,2,8.796600390856604,MS2,
Set 2,PC,Pos,,38,5,8.812084032337397,MS2,
Set 2,PC,Pos,O-,40,6,8.831831278443818,MS2,
Set 2,PC,Pos,,40,5,8.832652919192268,MS2,
Set 2,PC,Pos,,36,2,8.855356881320557,MS2,
Set 2,PC,Pos,O-,36,4,8.860705411492976,MS2,
Set 2,PC,Pos,,36,3,8.878095537129212,MS2,
Set 2,PC,Pos,,37,4,8.884244515973656,MS2,
Set 2,PC,Pos,,37,3,8.891168115549393,MS2,
Set 2,PC,Pos,,31,0,8.896028305762572,MS2,
Set 2,PC,Pos,O-,32,1,8.931465855192851,MS2,
Set 2,PC,Pos,,33,1,8.931465855192851,MS2,
Set 2,PC,Pos,,40,6,8.953698128295514,MS2,
Set 2,PC,Pos,,42,7,8.98106646346729,RT model,
Set 2,PC,Pos,,38,4,8.992565198267704,MS2,
Set 2,PC,Pos,,38,3,8.992565198267704,MS2,
Set 2,PC,Pos,O-,34,2,8.99803496533986,MS2,
Set 2,PC,Pos,,35,2,9.015716057287722,MS2,
Set 2,PC,Pos,,35,1,9.015716057287722,MS2,
Set 2,PC,Pos,O-,40,5,9.03400743585903,MS2,
Set 2,PC,Pos,,37,2,9.03400743585903,MS2,
Set 2,PC,Pos,,40,4,9.063395409003546,MS2,
Set 2,PC,Pos,,34,0,9.081409313139376,MS2,
Set 2,PC,Pos,,38,4,9.104337125777898,MS2,
Set 2,PC,Pos,O-,36,1,9.117501701212195,MS2,
Set 2,PC,Pos,,40,5,9.121472533341462,MS2,
Set 2,PC,Pos,,32,0,9.139351796175324,MS2,
Set 2,PC,Pos,,36,4,9.156931254970543,MS2,
Set 2,PC,Pos,,34,1,9.163893592202623,MS2,
Set 2,PC,Pos,,36,2,9.239748108701436,MS2,
Set 2,PC,Pos,,40,5,9.268181156753197,MS2,
Set 2,PC,Pos,O-,38,3,9.295432383614747,MS2,
Set 2,PC,Pos,,33,0,9.30080852806064,MS2,
Set 2,PC,Pos,,38,3,9.34654111500086,MS2,
Set 2,PC,Pos,,39,4,9.348079369359471,RT model,
Set 2,PC,Pos,O-,32,0,9.363530147002235,MS2,
Set 2,PC,Pos,,35,3,9.38062024951096,MS2,
Set 2,PC,Pos,,40,3,9.416624136948307,MS2,
Set 2,PC,Pos,,35,1,9.449117293698627,MS2,
Set 2,PC,Pos,,40,4,9.468041812261719,MS2,
Set 2,PC,Pos,O-,36,2,9.485544177984137,MS2,
Set 2,PC,Pos,O-,42,5,9.503114189921426,MS2,
Set 2,PC,Pos,,42,5,9.514534448044733,RT model,
Set 2,PC,Pos,,36,0,9.520271574838668,MS2,
Set 2,PC,Pos,,37,2,9.527821164991796,MS2,
Set 2,PC,Pos,,38,1,9.572531024205599,MS2,
Set 2,PC,Pos,,42,5,9.612249037811145,MS2,
Set 2,PC,Pos,,40,4,9.61487824125207,MS2,
Set 2,PC,Pos,,34,0,9.66182771020229,MS2,
Set 2,PC,Pos,,38,3,9.679223018348157,MS2,
Set 2,PC,Pos,,36,1,9.679223018348157,MS2,
Set 2,PC,Pos,,38,2,9.787381867129413,MS2,
Set 2,PC,Pos,O-,40,3,9.833564580119946,MS2,
Set 2,PC,Pos,,35,0,9.8552781963153,MS2,
Set 2,PC,Pos,,40,3,9.89592669230046,MS2,
Set 2,PC,Pos,,37,1,9.963921243948116,MS2,
Set 2,PC,Pos,O-,42,4,10.005310654604774,MS2,
Set 2,PC,Pos,,38,1,10.26245910647068,MS2,
Set 2,PC,Pos,,40,2,10.429333329248063,MS2,
Set 2,PC,Pos,O-,44,4,10.667152652942612,MS2,
Set 2,PC,Pos,O-,42,2,10.909820305317764,MS2,
Set 2,PC,Pos,,40,1,11.033157703811275,MS2,RT model outlier
Set 2,PC,Pos,O-,36,1,11.289674630526243,MS2,RT model outlier
