family,kind,carbons,double_bonds,name,source,polarity,area,cv_pct,cv_normalised_pct,in_any_list
AC,,10,0,AC 10:0,MS2,Pos,364411,10.1,18.1,1
AC,,10,1,AC 10:1,MS2,Pos,357016,0.7,9.4,1
AC,,14,2,AC 14:2,MS2,Pos,316391,24.0,33.9,1
AC,,16,0,AC 16:0,MS2,Pos,1387192,82.5,81.7,1
AC,,16,1,AC 16:1,MS2,Pos,297358,6.8,6.5,1
AC,,17,4,AC 17:4,RT model,Pos,1155484,16.3,13.8,0
AC,,18,1,AC 18:1,MS2,Pos,4336166,18.9,10.8,1
AC,,26,0,AC 26:0,MS2,Pos,387696,16.2,10.3,0
BA 24:1;O3;G,other,,,BA 24:1;O3;G,MS2,Neg,1706280,2.9,1.8,0
CE,,15,0,CE 15:0,RT model,Pos,117458,1.9,10.8,1
CE,,16,0,CE 16:0,MS2,Pos,4351692,3.6,13.0,1
CE,,16,1,CE 16:1,MS2,Pos,4574396,6.5,12.2,1
CE,,17,0,CE 17:0,MS2,Pos,332597,5.8,7.5,1
CE,,17,1,CE 17:1,MS2,Pos,752067,13.8,5.7,1
CE,,18,0,CE 18:0,MS2,Pos,1625189,9.0,2.1,1
CE,,18,1,CE 18:1,MS2,Pos,41266336,5.2,9.9,1
CE,,18,2,CE 18:2,MS2,Pos,140985360,5.8,15.2,1
CE,,18,3,CE 18:3,MS2,Pos,8766645,15.6,11.0,1
CE,,19,0,CE 19:0,RT model,Pos,319048,31.0,26.5,0
CE,,20,0,CE 20:0,MS2,Pos,1885856,30.2,23.5,1
CE,,20,1,CE 20:1,MS2,Pos,11673977,29.2,25.3,1
CE,,20,2,CE 20:2,MS2,Pos,35661732,20.8,13.5,1
CE,,20,3,CE 20:3,MS2,Pos,7027364,2.7,9.0,1
CE,,20,4,CE 20:4,MS2,Pos,43558912,2.9,7.2,1
CE,,20,5,CE 20:5,RT model,Pos,565230,6.6,2.7,1
CE,,21,0,CE 21:0,RT model,Pos,115027,26.8,23.1,0
CE,,22,1,CE 22:1,RT model,Pos,328586,33.0,31.5,1
CE,,22,2,CE 22:2,RT model,Pos,415950,20.6,16.9,1
CE,,22,4,CE 22:4,MS2,Pos,17247124,20.8,17.4,1
CE,,22,5,CE 22:5,MS2,Pos,1627810,16.8,15.6,1
CE,,22,6,CE 22:6,MS2,Pos,520284,14.5,11.1,1
CE,,24,4,CE 24:4,RT model,Pos,159036,27.3,23.8,0
Cer,,34,1,Cer[NS] d34:1,MS2,Pos,849861,63.9,65.1,1
Cer,,38,1,Cer[NS] d38:1,RT model,Pos,295893,14.8,14.6,1
Cer,,39,1,Cer[NS] d39:1,RT model,Pos,176295,6.0,7.7,1
Cer,,40,0,Cer[NS] d40:0,MS2,Pos,613164,9.4,9.0,1
Cer,,40,1,Cer[NS] d40:1,MS2,Pos,1541684,9.6,11.1,1
Cer,,40,2,Cer[NS] d40:2,MS2,Pos,319631,7.6,1.4,1
Cer,,41,0,Cer[NS] d41:0,RT model,Pos,229796,11.4,19.4,1
Cer,,41,1,Cer[NS] d41:1,MS2,Pos,1438430,3.8,7.2,1
Cer,,41,2,Cer[NS] d41:2,MS2,Pos,250376,13.4,14.7,1
Cer,,42,0,Cer[NS] d42:0,MS2,Pos,813281,15.1,12.0,1
Cer,,42,1,Cer[NS] d42:1,MS2,Pos,6531710,10.0,7.5,1
Cer,,42,2,Cer[NS] d42:2,MS2,Pos,1702106,5.2,4.2,1
Cer,,42,3,Cer[NS] d42:3,MS2,Pos,469814,15.3,9.3,1
Cer,,43,1,Cer[NS] d43:1,MS2,Pos,303167,10.9,6.6,1
Cer,,43,2,Cer[NDS] d43:2,MS2,Neg,104703,9.8,10.4,1
CerP d44:4,other,,,CerP d44:4,MS2,Neg,758366,3.4,2.2,0
DG,,32,0,DG 16:0_16:0,MS2,Pos,194220,27.0,22.1,1
DG,,32,1,DG 32:1,MS2,Pos,225810,9.4,10.9,1
DG,,34,1,DG 16:0_18:1,MS2,Pos,2054315,19.7,15.4,1
DG,,34,2,DG 16:0_18:2,MS2,Pos,2423585,12.6,4.1,1
DG,,36,1,DG 18:1_18:0,MS2,Pos,2817503,17.8,10.2,1
DG,,36,2,DG 36:2,MS2,Pos,1266364,11.5,8.4,1
DG,,36,3,DG 18:2_18:1,MS2,Pos,2353146,9.8,18.8,1
DG,,44,7,DG 44:7,RT model,Pos,1022272,5.7,7.4,0
FA,,20,4,FA 20:4,MS2,Neg,4071668,12.2,11.1,1
FA,,20,5,FA 20:5,MS2,Neg,308272,38.9,37.5,1
GM3-NANA d34:1,other,,,GM3-NANA d34:1,MS2,Pos,606047,14.6,14.9,0
GM3-NANA d36:1,other,,,GM3-NANA d36:1,MS2,Pos,296479,21.9,24.3,0
GM3-NANA d40:1,other,,,GM3-NANA d40:1,MS2,Neg,52486,6.3,7.5,0
HexCer,,34,1,HexCer[NS] d34:1,MS2,Pos,1240569,68.0,69.7,1
HexCer,,40,1,GlcCer[NDS] d18:1_22:0,MS2,Neg,236762,6.4,7.1,1
HexCer,,41,1,HexCer[NS] d41:1,MS2,Pos,944399,33.0,29.2,1
HexCer,,42,1,GlcCer[NDS] d18:1_24:0,MS2,Neg,381016,4.6,5.8,1
HexCer,,42,2,HexCer[NS] d42:2,MS2,Pos,1446441,11.6,4.5,1
HexCer,,42,3,GlcCer[NDS] d42:3,MS2,Neg,43388,6.1,7.0,0
LPC,,14,0,LysoPC 14:0,MS2,Pos,859216,9.9,4.5,1
LPC,,15,0,LysoPC 15:0,MS2,Pos,11088516,16.7,9.6,1
LPC,,16,0,LysoPC 16:0,MS2,Pos,2714605312,7.1,2.3,1
LPC,,16,1,LysoPC 16:1,MS2,Pos,15838340,6.3,2.6,1
LPC,,17,0,LysoPC 17:0,MS2,Pos,50162288,12.1,6.2,1
LPC,,17,1,LysoPC 17:1,MS2,Pos,4368099,16.6,12.0,1
LPC,,18,0,LysoPC 18:0,MS2,Pos,1607224960,8.4,5.0,1
LPC,,18,1,LysoPC 18:1,MS2,Pos,516467680,11.5,2.9,1
LPC,,18,2,LysoPC 18:2,MS2,Pos,360392320,14.4,7.6,1
LPC,,18,3,LysoPC 18:3,MS2,Pos,2684962,15.4,7.6,1
LPC,,19,0,LysoPC 19:0,MS2,Pos,3868816,21.6,15.0,0
LPC,,20,0,LysoPC 20:0,MS2,Pos,2892925,7.1,4.9,1
LPC,,20,1,LysoPC 20:1,MS2,Pos,11705546,13.2,5.0,1
LPC,,20,2,LysoPC 20:2,MS2,Pos,10302382,19.0,11.4,1
LPC,,20,3,LysoPC 20:3,MS2,Pos,33500434,1.7,7.5,1
LPC,,20,4,LysoPC 20:4,MS2,Pos,141355584,14.9,6.7,1
LPC,,20,5,LysoPC 20:5,MS2,Pos,2874626,12.0,7.8,1
LPC,,22,0,LysoPC 22:0,RT model,Pos,465313,10.6,18.2,1
LPC,,22,1,LysoPC 22:1,RT model,Pos,347461,2.9,4.5,1
LPC,,22,4,LysoPC 22:4,MS2,Pos,3492964,14.9,7.9,1
LPC,,22,5,LysoPC 22:5,MS2,Pos,5957612,22.3,15.9,1
LPC,,22,6,LysoPC 22:6,MS2,Pos,17388180,9.0,0.4,1
LPC,,24,0,LysoPC 24:0,MS2,Pos,800930,17.4,12.4,1
LPC,,24,1,LysoPC 24:1,MS2,Pos,288316,13.3,16.7,1
LPE,,16,0,LysoPE 16:0,MS2,Pos,10912186,14.0,5.7,1
LPE,,18,0,LysoPE 18:0,MS2,Pos,21215390,5.3,5.9,1
LPE,,18,1,LysoPE 18:1,MS2,Pos,8074320,14.2,5.8,1
LPE,,18,2,LysoPE 18:2,MS2,Pos,6153242,5.3,13.0,1
LPE,,18,3,LysoPE 18:3,MS2,Pos,99414,10.0,5.6,0
LPE,,20,4,LysoPE 20:4,MS2,Pos,6305027,9.1,1.0,1
LPE,,20,5,LysoPE 20:5,MS2,Pos,339619,20.8,9.2,0
LPE,,22,6,LysoPE 22:6,MS2,Pos,1909407,7.4,5.8,1
LPI,,16,0,LysoPI 16:0,MS2,Neg,640534,6.0,5.8,1
LPI,,18,0,LysoPI 18:0,MS2,Neg,4526888,6.9,5.7,1
LPI,,18,1,LysoPI 18:1,MS2,Neg,282978,11.6,10.3,1
LPI,,20,4,LysoPI 20:4,MS2,Neg,312711,13.0,12.1,1
NAGly 24:6,other,,,NAGly 24:6,MS2,Pos,1662509,6.8,2.1,0
PA,,46,7,PA 20:6_26:1,MS2,Neg,260171,32.2,31.7,0
PC,,30,0,PC 30:0,MS2,Pos,14474111,19.1,13.7,1
PC,,31,0,PC 31:0,MS2,Pos,2779359,23.4,18.6,1
PC,,32,0,PC 32:0,MS2,Pos,118978328,7.9,2.0,1
PC,,32,1,PC 32:1,MS2,Pos,67353112,1.2,9.4,1
PC,,32,2,PC 32:2,MS2,Pos,14480181,7.7,1.3,1
PC,,33,0,PC 33:0,MS2,Pos,3951928,14.5,13.3,1
PC,,33,1,PC 33:1,MS2,Pos,16846410,8.9,0.5,1
PC,,33,2,PC 33:2,MS2,Pos,10058801,9.8,4.8,1
PC,,33,3,PC 33:3,RT model,Pos,212352,50.0,46.1,1
PC,,33,5,PC 33:5,RT model,Pos,146396,9.6,8.2,0
PC,,34,0,PC 34:0,MS2,Pos,38303964,11.5,3.1,1
PC,,34,1,PC 34:1,MS2,Pos,1809309440,12.3,5.8,1
PC,,34,2,PC 34:2,MS2,Pos,3014944768,12.1,5.4,1
PC,,34,3,PC 34:3,MS2,Pos,60917324,10.2,1.9,1
PC,,34,4,PC 34:4,MS2,Pos,3251617,13.9,6.0,1
PC,,35,0,PC 35:0,MS2,Pos,528757,12.4,10.1,1
PC,,35,1,PC 35:1,MS2,Pos,15306238,12.2,11.3,1
PC,,35,2,PC 35:2,MS2,Pos,62336376,7.0,3.1,1
PC,,35,3,PC 35:3,MS2,Pos,7399218,14.2,6.3,1
PC,,35,4,PC 35:4,MS2,Pos,3199374,7.5,8.4,1
PC,,35,5,PC 35:5,MS2,Pos,1970050,96.6,95.7,1
PC,,35,6,PC 35:6,RT model,Pos,1043654,26.1,35.7,1
PC,,35,7,PC 35:7,RT model,Pos,230745,26.1,19.4,0
PC,,36,0,PC 36:0,MS2,Pos,129059,59.8,54.2,1
PC,,36,1,PC 36:1,MS2,Pos,349856032,8.8,2.9,1
PC,,36,2,PC 36:2,MS2,Pos,1826589952,7.8,2.4,1
PC,,36,3,PC 36:3,MS2,Pos,606391552,26.5,22.7,1
PC,,36,4,PC 36:4,MS2,Pos,853466368,4.9,4.7,1
PC,,36,5,PC 36:5,MS2,Pos,21564392,6.2,2.9,1
PC,,36,6,PC 36:6,MS2,Pos,545465,8.4,1.4,1
PC,,37,1,PC 37:1,MS2,Pos,1310372,12.7,4.2,0
PC,,37,2,PC 37:2,MS2,Pos,4958638,17.9,10.2,1
PC,,37,3,PC 37:3,MS2,Pos,2203532,1.0,0.7,1
PC,,37,4,PC 37:4,MS2,Pos,13392229,4.9,6.0,1
PC,,37,5,PC 37:5,MS2,Pos,1148653,4.9,12.4,1
PC,,37,6,PC 37:6,RT model,Pos,689962,14.8,6.4,1
PC,,38,1,PC 38:1,MS2,Pos,2778743,16.3,15.5,1
PC,,38,2,PC 38:2,MS2,Pos,24792888,8.0,0.9,1
PC,,38,3,PC 38:3,MS2,Pos,240682384,6.8,4.9,1
PC,,38,4,PC 38:4,MS2,Pos,607425408,5.9,5.0,1
PC,,38,5,PC 38:5,MS2,Pos,121121968,3.3,10.1,1
PC,,38,6,PC 38:6,MS2,Pos,116447768,7.3,6.5,1
PC,,38,7,PC 38:7,MS2,Pos,1065295,6.2,3.0,1
PC,,39,4,PC 39:4,RT model,Pos,1205881,10.9,22.5,1
PC,,39,6,PC 39:6,MS2,Pos,2012884,30.9,35.5,1
PC,,40,2,PC 40:2,MS2,Pos,659030,28.5,38.3,1
PC,,40,3,PC 40:3,MS2,Pos,1631775,118.0,114.2,1
PC,,40,4,PC 40:4,MS2,Pos,14373229,9.7,3.1,1
PC,,40,5,PC 40:5,MS2,Pos,30887284,5.6,3.5,1
PC,,40,6,PC 40:6,MS2,Pos,50018668,14.2,6.6,1
PC,,40,7,PC 40:7,MS2,Pos,918869,15.0,12.8,1
PC,,40,8,PC 40:8,RT model,Pos,1506546,10.0,4.9,1
PC,,42,5,PC 42:5,MS2,Pos,220567,21.0,22.6,1
PC,,42,7,PC 42:7,RT model,Pos,320147,17.1,5.4,0
PC,,42,8,PC 42:8,RT model,Pos,212475,13.4,10.9,1
PC,ether,30,0,Plasmanyl-PC O-30:0,RT model,Pos,1143981,16.4,9.8,1
PC,ether,32,0,PC O-32:0,MS2,Pos,13207981,7.1,9.2,1
PC,ether,32,1,PC O-32:1,MS2,Pos,3136286,9.0,4.8,1
PC,ether,33,1,Plasmanyl-PC O-33:1,RT model,Pos,266124,7.4,19.1,0
PC,ether,34,0,Plasmanyl-PC O-34:0,MS2,Pos,5521802,18.4,14.2,1
PC,ether,34,1,Plasmanyl-PC O-34:1,MS2,Pos,28110660,9.4,1.9,1
PC,ether,34,2,PC O-34:2,MS2,Pos,93920696,3.7,6.1,1
PC,ether,34,3,Plasmenyl-PC P-16:0_18:2,MS2,Neg,964337,8.1,9.2,1
PC,ether,34,4,Plasmanyl-PC O-34:4,MS2,Pos,883308,14.5,15.9,1
PC,ether,36,0,Plasmanyl-PC O-36:0,MS2,Pos,1034283,5.6,15.6,1
PC,ether,36,1,Plasmanyl-PC O-36:1,MS2,Pos,15641916,8.4,3.4,1
PC,ether,36,2,PC O-36:2,MS2,Pos,10361491,12.3,6.6,1
PC,ether,36,3,Plasmanyl-PC O-36:3,MS2,Pos,20602406,18.6,21.8,1
PC,ether,36,4,Plasmanyl-PC O-36:4,MS2,Pos,83534808,10.0,2.0,1
PC,ether,36,5,Plasmanyl-PC O-36:5,MS2,Pos,2678436,8.6,4.8,1
PC,ether,38,0,Plasmanyl-PC O-38:0,MS2,Pos,259828,5.7,11.7,0
PC,ether,38,2,Plasmanyl-PC O-38:2,MS2,Pos,565088,27.3,21.7,1
PC,ether,38,3,PC O-38:3,MS2,Pos,9199664,17.2,10.1,1
PC,ether,38,4,Plasmanyl-PC O-38:4,MS2,Pos,21939584,9.7,1.6,1
PC,ether,38,5,Plasmanyl-PC O-38:5,MS2,Pos,69651968,8.7,0.3,1
PC,ether,38,6,PC O-38:6,MS2,Pos,186046864,12.9,4.5,1
PC,ether,40,3,PC O-40:3,MS2,Pos,1819040,8.5,0.3,0
PC,ether,40,4,Plasmanyl-PC O-40:4,MS2,Pos,2960043,8.5,11.2,1
PC,ether,40,5,PC O-40:5,MS2,Pos,6016232,8.2,6.1,1
PC,ether,40,6,PC O-40:6,MS2,Pos,99388688,5.8,5.1,1
PC,ether,42,2,PC O-42:2,MS2,Pos,1485303,6.5,9.1,0
PC,ether,42,4,PC O-42:4,MS2,Pos,3557473,11.1,3.5,0
PC,ether,42,5,PC O-42:5,MS2,Pos,1554739,10.2,3.0,1
PC,ether,42,6,Plasmanyl-PC O-42:6,MS2,Pos,1085111,7.9,12.7,1
PC,ether,44,4,PC O-44:4,MS2,Pos,3332031,12.7,11.6,1
PC,ether,46,1,Plasmanyl-PC O-46:1,RT model,Pos,3809660,0.3,10.4,0
PC[OH] OH-32:1,other,,,PC[OH] OH-32:1,MS2,Pos,256659,8.7,0.6,0
PC[OH] OH-33:2,other,,,PC[OH] OH-33:2,RT model,Pos,154247,13.1,1.4,0
PC[OH] OH-33:3,other,,,PC[OH] OH-33:3,RT model,Pos,179837,20.4,13.4,0
PC[OH] OH-33:4,other,,,PC[OH] OH-33:4,MS2,Pos,868166,5.3,15.4,0
PC[OH] OH-34:1,other,,,PC[OH] OH-34:1,MS2,Pos,4529386,11.9,12.8,0
PC[OH] OH-34:2,other,,,PC[OH] OH-34:2,MS2,Pos,65801388,17.9,10.9,0
PC[OH] OH-34:3,other,,,PC[OH] OH-34:3,MS2,Pos,8532257,12.4,8.0,0
PC[OH] OH-34:4,other,,,PC[OH] OH-34:4,RT model,Pos,552295,8.9,10.6,0
PC[OH] OH-36:1,other,,,PC[OH] OH-36:1,MS2,Pos,746028,9.4,1.8,0
PC[OH] OH-36:2,other,,,PC[OH] OH-36:2,MS2,Pos,37451548,9.4,6.0,0
PC[OH] OH-36:3,other,,,PC[OH] OH-36:3,MS2,Pos,9269568,10.6,4.1,0
PC[OH] OH-36:4,other,,,PC[OH] OH-36:4,MS2,Pos,82069784,50.6,45.5,0
PC[OH] OH-36:5,other,,,PC[OH] OH-36:5,MS2,Pos,9102473,14.4,18.2,0
PC[OH] OH-36:6,other,,,PC[OH] OH-36:6,RT model,Pos,572330,10.6,6.9,0
PC[OH] OH-37:2,other,,,PC[OH] OH-37:2,RT model,Pos,403781,19.7,12.6,0
PC[OH] OH-38:2,other,,,PC[OH] OH-38:2,MS2,Pos,907378,9.8,14.1,0
PC[OH] OH-38:3,other,,,PC[OH] OH-38:3,MS2,Pos,29410066,12.5,3.9,0
PC[OH] OH-38:4,other,,,PC[OH] OH-38:4,MS2,Pos,24926458,9.4,2.0,0
PC[OH] OH-38:5,other,,,PC[OH] OH-38:5,MS2,Pos,21814288,11.2,3.1,0
PC[OH] OH-38:6,other,,,PC[OH] OH-38:6,MS2,Pos,23056586,11.9,9.7,0
PC[OH] OH-38:8,other,,,PC[OH] OH-38:8,RT model,Pos,609695,8.9,1.0,0
PC[OH] OH-40:4,other,,,PC[OH] OH-40:4,MS2,Pos,4510840,6.2,5.1,0
PC[OH] OH-40:5,other,,,PC[OH] OH-40:5,MS2,Pos,5804883,13.3,5.3,0
PC[OH] OH-40:6,other,,,PC[OH] OH-40:6,MS2,Pos,2071466,2.5,8.6,0
PC[OH] OH-40:7,other,,,PC[OH] OH-40:7,MS2,Pos,3530502,86.5,83.7,0
PC[OH] OH-40:8,other,,,PC[OH] OH-40:8,MS2,Pos,11711093,8.7,1.0,0
PC[OH] OH-40:9,other,,,PC[OH] OH-40:9,RT model,Pos,474337,43.8,37.2,0
PC[OH] OH-42:6,other,,,PC[OH] OH-42:6,RT model,Pos,360289,17.3,9.2,0
PC[OH] OH-44:5,other,,,PC[OH] OH-44:5,RT model,Pos,328327,7.0,4.8,0
PC[OH] OH-44:6,other,,,PC[OH] OH-44:6,RT model,Pos,57927,9.7,2.0,0
PE,,34,1,PE 34:1,MS2,Pos,3999515,5.6,15.0,1
PE,,34,2,PE 34:2,MS2,Pos,4603434,22.9,11.3,1
PE,,35,2,PE 35:2,MS2,Pos,357461,15.1,13.4,1
PE,,36,1,PE 36:1,MS2,Pos,2288962,6.7,4.0,1
PE,,36,2,PE 36:2,MS2,Pos,11800074,12.8,5.0,1
PE,,36,3,PE 36:3,MS2,Pos,3621413,6.4,9.5,1
PE,,36,4,PE 36:4,MS2,Pos,1096242,85.7,81.9,1
PE,,38,3,PE 18:0_20:3,MS2,Neg,118066,9.3,9.2,1
PE,,38,4,PE 38:4,MS2,Pos,13588764,9.2,4.3,1
PE,,38,5,PE 38:5,MS2,Neg,141491,5.9,5.5,1
PE,,38,6,PE 38:6,MS2,Pos,1581049,5.6,4.4,1
PE,ether,34,1,PE O-34:1,MS2,Pos,1304138,6.2,3.0,1
PE,ether,34,2,PE O-34:2,MS2,Pos,6931960,8.1,9.4,1
PE,ether,34,3,PE O-34:3,MS2,Pos,236356,10.9,12.6,1
PE,ether,36,2,PE O-36:2,MS2,Pos,4011687,10.3,4.8,1
PE,ether,36,3,PE O-36:3,MS2,Pos,5491354,17.7,9.7,1
PE,ether,36,4,PE O-36:4,MS2,Pos,11233367,7.6,1.7,1
PE,ether,36,5,PE O-36:5,MS2,Pos,1228710,10.2,2.3,1
PE,ether,38,4,PE O-38:4,MS2,Pos,13547891,10.4,2.7,1
PE,ether,38,5,PE O-38:5,MS2,Pos,7545924,12.8,4.7,1
PE,ether,38,6,PE O-38:6,MS2,Pos,1197843,9.9,18.5,1
PE,ether,40,5,Plasmenyl-PE P-20:0_20:4,MS2,Neg,59408,9.6,10.8,1
PE,ether,40,6,PE O-40:6,MS2,Pos,4673174,32.3,33.2,1
PE-NMe2 34:1,other,,,PE-NMe2 16:0_18:1,MS2,Neg,370300,3.0,1.9,0
PE-NMe2 34:2,other,,,PE-NMe2 16:0_18:2,MS2,Neg,647772,5.0,6.1,0
PE-NMe2 36:1,other,,,PE-NMe2 18:1_18:0,MS2,Neg,87316,6.9,6.8,0
PE-NMe2 36:3,other,,,PE-NMe2 36:3,MS2,Neg,262430,4.0,3.9,0
PE-NMe2 36:4,other,,,PE-NMe2 16:0_20:4,MS2,Neg,291094,5.6,4.4,0
PI,,32,1,PI 16:1_16:0,MS2,Neg,205805,12.4,11.1,1
PI,,34,1,PI 34:1,MS2,Pos,2119126,28.8,19.0,1
PI,,34,2,PI 34:2,MS2,Pos,1800546,25.6,19.6,1
PI,,36,1,PI 36:1,MS2,Pos,2443915,25.8,15.9,1
PI,,36,2,PI 36:2,MS2,Pos,6741490,7.3,15.5,1
PI,,36,3,PI 36:3,MS2,Pos,1171876,6.6,3.1,1
PI,,36,4,PI 36:4,MS2,Pos,970514,19.6,16.4,1
PI,,38,3,PI 38:3,MS2,Pos,1860436,16.9,14.0,1
PI,,38,4,PI 38:4,MS2,Pos,11236640,4.7,9.4,1
PI,,38,5,PI 38:5,MS2,Pos,2125132,31.2,24.5,1
PI,,40,6,PI 40:6,MS2,Pos,160425,10.9,0.8,1
PI[OH] OH-34:2,other,,,PI[OH] OH-18:2_16:0,MS2,Neg,161753,12.0,10.8,0
PI[OH] OH-36:2,other,,,PI[OH] OH-18:2_18:0,MS2,Neg,384231,6.3,5.0,0
PI[OH] OH-38:3,other,,,PI[OH] OH-20:3_18:0,MS2,Neg,520322,9.9,8.7,0
PI[OH] OH-38:4,other,,,PI[OH] OH-20:4_18:0,MS2,Neg,1803733,2.1,2.2,0
SM,,30,1,SM d30:1,MS2,Pos,1485434,10.9,2.3,1
SM,,31,1,SM d31:1,MS2,Pos,779851,0.4,12.1,1
SM,,31,2,SM d31:2,RT model,Pos,396260,8.6,1.4,0
SM,,32,0,SM d32:0,MS2,Pos,4290295,14.3,7.9,1
SM,,32,1,SM d32:1,MS2,Pos,36957616,15.0,8.9,1
SM,,32,2,SM d32:2,MS2,Pos,3227936,13.9,7.5,1
SM,,33,1,SM d33:1,MS2,Pos,24378896,9.9,10.6,1
SM,,33,2,SM d33:2,MS2,Pos,562581,15.2,10.2,1
SM,,34,0,SM d34:0,MS2,Pos,28527134,10.8,3.8,1
SM,,34,1,SM d34:1,MS2,Pos,648390848,2.1,7.6,1
SM,,34,2,SM d34:2,MS2,Pos,94082464,10.2,3.9,1
SM,,34,3,SM d34:3,RT model,Pos,360956,1.1,0.6,0
SM,,35,1,SM d35:1,MS2,Pos,18390068,16.2,24.6,1
SM,,35,2,SM d35:2,MS2,Pos,1687694,10.3,7.6,1
SM,,36,0,SM d36:0,MS2,Pos,4738226,8.9,7.5,1
SM,,36,1,SM d36:1,MS2,Pos,163213296,5.5,3.9,1
SM,,36,2,SM d36:2,MS2,Pos,74993928,2.5,6.7,1
SM,,36,3,SM d36:3,MS2,Pos,3371870,6.8,6.9,1
SM,,36,4,SM d36:4,RT model,Pos,320301,2.5,7.0,0
SM,,37,1,SM d37:1,MS2,Neg,386325,2.3,2.1,1
SM,,38,0,SM d38:0,RT model,Pos,1607838,15.3,13.9,1
SM,,38,1,SM d38:1,MS2,Pos,75118440,10.5,9.5,1
SM,,38,2,SM d38:2,MS2,Pos,38697296,9.2,0.9,1
SM,,38,3,SM d38:3,MS2,Pos,2297406,6.1,16.2,1
SM,,39,0,SM d39:0,MS2,Pos,504538,36.1,33.2,0
SM,,39,1,SM d39:1,MS2,Pos,19841884,9.7,5.3,1
SM,,39,2,SM d39:2,MS2,Neg,274262,3.2,1.4,1
SM,,40,0,SM d40:0,MS2,Pos,24669522,16.7,14.0,1
SM,,40,1,SM d40:1,MS2,Pos,143961600,18.0,15.5,1
SM,,40,2,SM d40:2,MS2,Pos,101843976,19.8,13.7,1
SM,,40,3,SM d40:3,MS2,Neg,503958,1.2,0.2,1
SM,,40,4,SM d40:4,RT model,Pos,1751848,4.7,6.7,0
SM,,41,0,SM d41:0,RT model,Pos,567814,9.1,20.8,0
SM,,41,1,SM d41:1,MS2,Pos,52297044,24.6,23.9,1
SM,,41,2,SM d41:2,MS2,Pos,29997598,9.7,8.7,1
SM,,41,3,SM d41:3,MS2,Pos,4791752,35.1,29.0,1
SM,,42,0,SM d42:0,MS2,Pos,19634422,16.4,16.6,0
SM,,42,1,SM d42:1,MS2,Pos,98268832,19.1,16.5,1
SM,,42,2,SM d42:2,MS2,Pos,244964016,21.3,17.7,1
SM,,42,3,SM d42:3,MS2,Pos,179325920,11.6,3.0,1
SM,,42,4,SM d42:4,MS2,Neg,943298,4.0,4.4,1
SM,,42,5,SM d42:5,RT model,Pos,1917994,5.1,6.8,1
SM,,43,1,SM d43:1,MS2,Pos,3226872,3.9,10.4,1
SM,,43,2,SM d43:2,MS2,Pos,4094137,10.9,12.3,1
SM,,43,3,SM d43:3,MS2,Pos,218185,11.0,21.0,1
SM,,44,2,SM d44:2,MS2,Pos,974119,12.9,14.5,1
SM,,44,3,SM d44:3,MS2,Pos,1739714,12.0,7.9,1
SM,,44,4,SM d44:4,RT model,Pos,618785,17.4,10.2,0
TG,,42,0,TG 42:0,MS2,Pos,285291,14.0,12.7,1
TG,,42,8,TG 42:8,RT model,Pos,167677,9.4,2.4,0
TG,,43,5,TG 43:5,RT model,Pos,614584,11.0,9.9,0
TG,,44,0,TG 44:0,MS2,Pos,1522491,10.2,11.2,1
TG,,44,1,TG 44:1,MS2,Pos,1327361,13.6,9.6,1
TG,,44,9,TG 44:9,RT model,Pos,482032,6.6,10.4,0
TG,,45,0,TG 45:0,MS2,Pos,572653,8.5,13.0,0
TG,,45,1,TG 45:1,RT model,Pos,211125,10.3,4.7,1
TG,,45,8,TG 45:8,RT model,Pos,751353,15.9,17.5,0
TG,,46,0,TG 14:0_16:0_16:0,MS2,Pos,13921968,9.1,6.9,1
TG,,46,1,TG 46:1,MS2,Pos,14329465,13.2,8.5,1
TG,,46,2,TG 46:2,MS2,Pos,3015275,11.3,10.2,1
TG,,47,0,TG 47:0,MS2,Pos,518713,12.0,11.5,1
TG,,47,1,TG 47:1,MS2,Pos,3632210,13.5,8.7,1
TG,,47,2,TG 47:2,MS2,Pos,476225,10.0,7.5,1
TG,,47,10,TG 47:10,RT model,Pos,188296,1.0,10.2,0
TG,,48,0,TG 16:0_16:0_16:0,MS2,Pos,33438246,2.4,11.4,1
TG,,48,1,TG 48:1,MS2,Pos,116324352,9.0,8.5,1
TG,,48,2,TG 48:2,MS2,Pos,76109248,13.5,9.0,1
TG,,48,3,TG 48:3,MS2,Pos,4607627,6.6,4.2,1
TG,,49,0,TG 49:0,MS2,Pos,2053539,14.9,10.5,1
TG,,49,1,TG 49:1,MS2,Pos,8214108,14.4,9.5,1
TG,,49,2,TG 49:2,MS2,Pos,9540518,9.5,4.4,1
TG,,49,3,TG 49:3,MS2,Pos,533006,13.2,12.2,1
TG,,50,0,TG 16:0_16:0_18:0,MS2,Pos,30643346,15.0,12.1,1
TG,,50,1,TG 50:1,MS2,Pos,378520512,5.7,10.1,1
TG,,50,2,TG 50:2,MS2,Pos,357431200,7.0,10.6,1
TG,,50,3,TG 50:3,MS2,Pos,169211312,8.1,7.0,1
TG,,50,4,TG 50:4,MS2,Pos,5106102,15.0,10.3,1
TG,,51,0,TG 51:0,MS2,Pos,509910,21.0,20.6,1
TG,,51,1,TG 51:1,MS2,Pos,13446985,6.5,5.3,1
TG,,51,2,TG 51:2,MS2,Pos,28689700,14.6,6.9,1
TG,,51,3,TG 51:3,MS2,Pos,10146089,14.7,6.7,1
TG,,51,4,TG 51:4,MS2,Pos,1102691,11.4,9.9,1
TG,,52,0,TG 52:0,MS2,Pos,670259,10.0,2.7,1
TG,,52,1,TG 52:1,MS2,Pos,190131328,33.5,29.6,1
TG,,52,2,TG 52:2,MS2,Pos,1429465728,8.1,4.3,1
TG,,52,3,TG 52:3,MS2,Pos,522120960,2.9,8.2,1
TG,,52,4,TG 52:4,MS2,Pos,368036992,16.5,6.4,1
TG,,52,5,TG 52:5,MS2,Pos,7955956,10.4,12.1,1
TG,,53,0,TG 53:0,MS2,Pos,1427080,15.3,7.0,0
TG,,53,1,TG 16:0_18:1_19:0,MS2,Pos,2220900,24.2,23.9,1
TG,,53,2,TG 53:2,MS2,Pos,25878894,10.9,6.5,1
TG,,53,3,TG 53:3,MS2,Pos,17763318,7.1,6.1,1
TG,,53,4,TG 17:1_18:2_18:1,MS2,Pos,632619,14.7,16.3,1
TG,,54,0,TG 54:0,MS2,Pos,773606,11.2,15.3,1
TG,,54,1,TG 54:1,MS2,Pos,5026166,24.7,21.7,1
TG,,54,2,TG 54:2,MS2,Pos,189721648,10.9,9.7,1
TG,,54,3,TG 54:3,MS2,Pos,414417600,1.2,10.1,1
TG,,54,4,TG 54:4,MS2,Pos,149361840,3.4,11.1,1
TG,,54,5,TG 54:5,MS2,Pos,5312609,9.9,13.0,1
TG,,54,6,TG 54:6,MS2,Pos,1005151,17.0,18.9,1
TG,,54,7,TG 18:3_18:2_18:2,MS2,Pos,155434,6.9,11.4,1
TG,,55,0,TG 55:0,RT model,Pos,318814,11.6,13.8,0
TG,,55,1,TG 55:1,RT model,Pos,3927375,19.9,19.6,0
TG,,55,2,TG 55:2,RT model,Pos,14360958,6.7,12.9,0
TG,,55,3,TG 55:3,RT model,Pos,11421396,31.8,26.4,1
TG,,55,4,TG 55:4,RT model,Pos,5269766,21.2,17.6,0
TG,,55,5,TG 55:5,RT model,Pos,1834749,14.8,16.8,0
TG,,56,0,TG 56:0,RT model,Pos,1699447,27.0,22.6,0
TG,,56,1,TG 18:1_18:0_20:0,MS2,Pos,1280122,22.3,17.7,0
TG,,56,2,TG 18:1_18:1_20:0,MS2,Pos,45707328,24.6,19.9,1
TG,,56,3,TG 56:3,MS2,Pos,53569536,24.1,18.8,1
TG,,56,4,TG 56:4,MS2,Pos,20603330,31.0,27.8,1
TG,,56,5,TG 56:5,MS2,Pos,35398608,28.2,23.1,1
TG,,56,6,TG 56:6,MS2,Pos,5233543,48.9,58.3,1
TG,,56,7,TG 56:7,RT model,Pos,693922,9.0,3.3,1
TG,,57,1,TG 57:1,RT model,Pos,662504,25.0,25.8,0
TG,,57,2,TG 57:2,RT model,Pos,3286568,16.0,15.5,0
TG,,57,3,TG 57:3,RT model,Pos,4208152,13.0,19.0,0
TG,,57,4,TG 57:4,RT model,Pos,809262,8.7,11.2,0
TG,,57,5,TG 57:5,RT model,Pos,1613915,3.4,5.6,0
TG,,57,6,TG 57:6,RT model,Pos,235892,5.8,3.6,0
TG,,58,0,TG 58:0,RT model,Pos,269349,13.4,1.7,0
TG,,58,1,TG 58:1,MS2,Pos,842381,18.6,14.1,0
TG,,58,2,TG 58:2,MS2,Pos,617122,17.2,12.7,1
TG,,58,3,TG 58:3,RT model,Pos,3914023,27.9,24.4,1
TG,,58,4,TG 58:4,RT model,Pos,2162386,24.0,21.0,1
TG,,58,5,TG 58:5,RT model,Pos,3245737,38.8,33.9,1
TG,,58,6,TG 58:6,RT model,Pos,6397032,39.4,32.6,1
TG,,58,7,TG 58:7,RT model,Pos,2573291,27.7,22.3,1
TG,,58,8,TG 58:8,RT model,Pos,449737,17.4,12.0,1
TG,,59,4,TG 59:4,RT model,Pos,118869,6.3,8.0,0
TG,,59,5,TG 59:5,RT model,Pos,224888,8.8,1.8,0
TG,,59,7,TG 59:7,RT model,Pos,90737,14.2,5.9,0
TG,,60,1,TG 60:1,RT model,Pos,464571,18.9,11.3,0
TG,,60,2,TG 60:2,MS2,Pos,267503,20.2,15.9,0
TG,,60,3,TG 60:3,RT model,Pos,646294,13.0,8.4,0
TG,,60,4,TG 60:4,RT model,Pos,297756,28.4,27.9,0
TG,,60,6,TG 60:6,RT model,Pos,474870,11.7,9.3,0
TG,,60,7,TG 60:7,RT model,Pos,455956,21.2,17.4,0
TG,,61,3,TG 61:3,RT model,Pos,126745,3.7,13.8,0
TG,,62,2,TG 62:2,RT model,Pos,420373,12.0,15.2,0
TG,,62,3,TG 62:3,RT model,Pos,399664,23.5,19.0,0
TG,,62,4,TG 62:4,RT model,Pos,113642,17.5,11.0,0
TG,,62,8,TG 62:8,RT model,Pos,126853,39.0,37.5,0
TG,,66,6,TG 66:6,RT model,Pos,80054,37.3,26.1,0
TG,ether,50,1,Alkenyl-TG P-50:0,MS2,Pos,615777,11.4,12.2,0
TG,ether,52,1,Alkanyl-TG O-52:1,MS2,Pos,202594,11.6,12.0,0
